axis,series,c,score,lo,hi,frac,frac_lo,frac_hi,n_coherent,n_seeds,n_seeds_total
gender,base_targeted,-96.000000,0.166667,0.000000,0.416667,0.166667,0.097993,0.269109,12,1,1
gender,base_targeted,-64.000000,0.000000,0.000000,0.000000,0.986111,0.925432,0.997544,71,1,1
gender,base_targeted,-48.000000,0.005556,0.000000,0.016667,1.000000,0.949347,1.000000,72,1,1
gender,base_targeted,-32.000000,0.019565,0.000000,0.052115,0.958333,0.884505,0.985729,69,1,1
gender,base_targeted,-16.000000,0.001389,0.000000,0.004167,1.000000,0.949347,1.000000,72,1,1
gender,base_targeted,0.000000,0.001389,0.000000,0.004167,1.000000,0.949347,1.000000,72,1,1
gender,base_targeted,32.000000,0.629577,0.552761,0.697857,0.986111,0.925432,0.997544,71,1,1
gender,base_targeted,64.000000,0.768868,0.706665,0.821932,0.736111,0.624239,0.824064,53,1,1
gender,base_targeted,96.000000,0.750000,0.587500,0.866667,0.152778,0.087506,0.253225,11,1,1
gender,stereo_targeted,-96.000000,0.000000,0.000000,0.000000,0.111111,0.047748,0.174475,8.000000,5,5
gender,stereo_targeted,-64.000000,0.006885,0.001279,0.012490,0.988889,0.974460,1.003317,71.200000,5,5
gender,stereo_targeted,-48.000000,0.000833,-0.000709,0.002376,1.000000,1.000000,1.000000,72.000000,5,5
gender,stereo_targeted,-32.000000,0.169937,0.068043,0.271830,0.994444,0.979020,1.009869,71.600000,5,5
gender,stereo_targeted,-16.000000,0.833111,0.792619,0.873603,1.000000,1.000000,1.000000,72.000000,5,5
gender,stereo_targeted,0.000000,0.943333,0.920583,0.966084,1.000000,1.000000,1.000000,72.000000,5,5
gender,stereo_targeted,32.000000,0.950093,0.945500,0.954686,0.997222,0.989510,1.004935,71.800000,5,5
gender,stereo_targeted,64.000000,0.939180,0.928415,0.949946,0.802778,0.754924,0.850632,57.800000,5,5
gender,stereo_targeted,96.000000,0.959027,0.946192,0.971861,0.147222,0.080878,0.213566,10.600000,5,5
race,base_targeted,-96.000000,0.000000,0.000000,0.000000,0.805556,0.699670,0.880486,58,1,1
race,base_targeted,-64.000000,0.026786,0.000000,0.072727,0.777778,0.669088,0.858327,56,1,1
race,base_targeted,-48.000000,0.031250,0.002083,0.068750,1.000000,0.949347,1.000000,72,1,1
race,base_targeted,-32.000000,0.034722,0.000000,0.080556,1.000000,0.949347,1.000000,72,1,1
race,base_targeted,-16.000000,0.052778,0.011111,0.102778,1.000000,0.949347,1.000000,72,1,1
race,base_targeted,0.000000,0.060417,0.014583,0.115972,1.000000,0.949347,1.000000,72,1,1
race,base_targeted,32.000000,0.687681,0.599275,0.768841,0.958333,0.884505,0.985729,69,1,1
race,base_targeted,64.000000,0.839474,0.718415,0.923533,0.263889,0.175936,0.375761,19,1,1
race,base_targeted,96.000000,,,,0.000000,0.000000,0.050653,0,1,1
race,stereo_targeted,-96.000000,0.040924,-0.023312,0.105159,0.230556,0.091199,0.369912,16.600000,5,5
race,stereo_targeted,-64.000000,0.075035,0.036486,0.113584,0.677778,0.607304,0.748252,48.800000,5,5
race,stereo_targeted,-48.000000,0.111101,0.069702,0.152500,0.955556,0.941127,0.969984,68.800000,5,5
race,stereo_targeted,-32.000000,0.526633,0.467409,0.585858,0.986111,0.968866,1.003356,71.000000,5,5
race,stereo_targeted,-16.000000,0.955171,0.938420,0.971921,0.997222,0.989510,1.004935,71.800000,5,5
race,stereo_targeted,0.000000,0.959333,0.947290,0.971377,1.000000,1.000000,1.000000,72.000000,5,5
race,stereo_targeted,32.000000,0.944002,0.938194,0.949809,0.983333,0.964442,1.002225,70.800000,5,5
race,stereo_targeted,64.000000,0.908881,0.882678,0.935085,0.644444,0.563007,0.725882,46.400000,5,5
race,stereo_targeted,96.000000,0.965000,0.923353,1.006647,0.030556,0.002219,0.058893,2.200000,5,5
